jalan,image_path,image_name,filename,stem,digits,suffix,image_dir,file_size_bytes,latitude,longitude,captured_at,compass_angle,sequence_id,metadata_source_file,filename_norm,stem_norm,digits_norm,nearest_node,degree_pct,straightness_pct,closeness_pct,betweenness_pct,composite_score,node_class,syntax_integration_score,syntax_choice_score,syntax_connectivity_score,syntax_straightness_score,space_syntax_score,heading_diversity_term,vga_visibility_score,vga_openness_score,local_built_coverage,key_view_candidate_score
Jalan Ang Seng,F:\brickfields_named_streets_mapillary_strict\jalan_ang_seng_cluster\images\123227166654911.jpg,123227166654911.jpg,123227166654911.jpg,123227166654911,123227166654911,.jpg,F:\brickfields_named_streets_mapillary_strict\jalan_ang_seng_cluster\images,1591068,3.1311022126119,101.68286699452,1626436958000,83.47369980536,dY4TmEOPS0r8jUtwp17A3X,direct_match|,123227166654911 jpg,123227166654911,123227166654911,4769200859,0.8978102189781022,0.8573324485733245,0.6788321167883211,0.6768414067684141,0.7376686573766866,minor,0.6788321167883211,0.6768414067684141,0.8978102189781022,0.8573324485733245,0.7667551426675514,0.9274855533928889,0.9267044111041265,0.78125,0.1264253639656877,0.8562548402697887
Jalan Ang Seng,F:\brickfields_named_streets_mapillary_strict\jalan_ang_seng_cluster\images\938406172002857.jpg,938406172002857.jpg,938406172002857.jpg,938406172002857,938406172002857,.jpg,F:\brickfields_named_streets_mapillary_strict\jalan_ang_seng_cluster\images,1148759,3.2093444002207,101.71827455638,1773717759089,270.0,epmXOiJEhuDgovxKn3RBwH,direct_match|,938406172002857 jpg,938406172002857,938406172002857,665674059,0.23059057730590576,0.8301260783012607,0.06104844061048441,0.8772395487723955,0.5894713558947136,other,0.06104844061048441,0.8772395487723955,0.23059057730590576,0.8301260783012607,0.4912740544127405,1.0,1.0,1.0,0.0,0.8219459190444591
Jalan Ang Seng,F:\brickfields_named_streets_mapillary_strict\jalan_ang_seng_cluster\images\821292998770628.jpg,821292998770628.jpg,821292998770628.jpg,821292998770628,821292998770628,.jpg,F:\brickfields_named_streets_mapillary_strict\jalan_ang_seng_cluster\images,777086,3.2120620103516,101.71821500864,1579501691090,269.9997757527,t39v48z4mxniwuli9vueze,direct_match|,821292998770628 jpg,821292998770628,821292998770628,665674059,0.23059057730590576,0.8301260783012607,0.06104844061048441,0.8772395487723955,0.5894713558947136,other,0.06104844061048441,0.8772395487723955,0.23059057730590576,0.8301260783012607,0.4912740544127405,0.999997508363333,1.0,1.0,0.0,0.8219456698807924
Jalan Ang Seng,F:\brickfields_named_streets_mapillary_strict\jalan_ang_seng_cluster\images\1191262777999590.jpg,1191262777999590.jpg,1191262777999590.jpg,1191262777999590,1191262777999590,.jpg,F:\brickfields_named_streets_mapillary_strict\jalan_ang_seng_cluster\images,828707,3.2134748452663,101.71762770721,1579501926089,270.00287154783,74wg0pvno08ox8swmxdfgi,direct_match|,1191262777999590 jpg,1191262777999590,1191262777999590,665674059,0.23059057730590576,0.8301260783012607,0.06104844061048441,0.8772395487723955,0.5894713558947136,other,0.06104844061048441,0.8772395487723955,0.23059057730590576,0.8301260783012607,0.4912740544127405,0.9999680939129999,1.0,1.0,0.0,0.8219427284357591
Jalan Ang Seng,F:\brickfields_named_streets_mapillary_strict\jalan_ang_seng_cluster\images\1141194646400336.jpg,1141194646400336.jpg,1141194646400336.jpg,1141194646400336,1141194646400336,.jpg,F:\brickfields_named_streets_mapillary_strict\jalan_ang_seng_cluster\images,992020,3.2133912204745,101.7196357313,1579502061090,89.995785544385,eti236iws05yghohpwlboi,direct_match|,1141194646400336 jpg,1141194646400336,1141194646400336,665674059,0.23059057730590576,0.8301260783012607,0.06104844061048441,0.8772395487723955,0.5894713558947136,other,0.06104844061048441,0.8772395487723955,0.23059057730590576,0.8301260783012607,0.4912740544127405,0.9999531727153889,1.0,1.0,0.0,0.821941236315998
Jalan Ang Seng,F:\brickfields_named_streets_mapillary_strict\jalan_ang_seng_cluster\images\563409601291878.jpg,563409601291878.jpg,563409601291878.jpg,563409601291878,563409601291878,.jpg,F:\brickfields_named_streets_mapillary_strict\jalan_ang_seng_cluster\images,800460,3.2134000002248,101.71935170476,1579502055590,89.983008195091,eti236iws05yghohpwlboi,direct_match|,563409601291878 jpg,563409601291878,563409601291878,665674059,0.23059057730590576,0.8301260783012607,0.06104844061048441,0.8772395487723955,0.5894713558947136,other,0.06104844061048441,0.8772395487723955,0.23059057730590576,0.8301260783012607,0.4912740544127405,0.9998112021676778,1.0,1.0,0.0,0.8219270392612269
Jalan Ang Seng,F:\brickfields_named_streets_mapillary_strict\jalan_ang_seng_cluster\images\181425677184261.jpg,181425677184261.jpg,181425677184261.jpg,181425677184261,181425677184261,.jpg,F:\brickfields_named_streets_mapillary_strict\jalan_ang_seng_cluster\images,675722,3.2147487850571,101.7231102263,1579586272589,90.017260751217,yz27zhreqxch13gzn2drr9,direct_match|,181425677184261 jpg,181425677184261,181425677184261,665674059,0.23059057730590576,0.8301260783012607,0.06104844061048441,0.8772395487723955,0.5894713558947136,other,0.06104844061048441,0.8772395487723955,0.23059057730590576,0.8301260783012607,0.4912740544127405,0.9998082138753668,1.0,1.0,0.0,0.8219267404319959
Jalan Ang Seng,F:\brickfields_named_streets_mapillary_strict\jalan_ang_seng_cluster\images\792878751353567.jpg,792878751353567.jpg,792878751353567.jpg,792878751353567,792878751353567,.jpg,F:\brickfields_named_streets_mapillary_strict\jalan_ang_seng_cluster\images,943926,3.2127515560343,101.71763318982,1579501941089,269.96279549682,74wg0pvno08ox8swmxdfgi,direct_match|,792878751353567 jpg,792878751353567,792878751353567,665674059,0.23059057730590576,0.8301260783012607,0.06104844061048441,0.8772395487723955,0.5894713558947136,other,0.06104844061048441,0.8772395487723955,0.23059057730590576,0.8301260783012607,0.4912740544127405,0.9995866166313331,1.0,1.0,0.0,0.8219045807075924
Jalan Ang Seng,F:\brickfields_named_streets_mapillary_strict\jalan_ang_seng_cluster\images\166563052054218.jpg,166563052054218.jpg,166563052054218.jpg,166563052054218,166563052054218,.jpg,F:\brickfields_named_streets_mapillary_strict\jalan_ang_seng_cluster\images,909402,3.2150345848911,101.7234503593,1579586237090,269.9583951896,oce0k4u6tvx6dhk7ajihxt,direct_match|,166563052054218 jpg,166563052054218,166563052054218,665674059,0.23059057730590576,0.8301260783012607,0.06104844061048441,0.8772395487723955,0.5894713558947136,other,0.06104844061048441,0.8772395487723955,0.23059057730590576,0.8301260783012607,0.4912740544127405,0.9995377243288892,1.0,1.0,0.0,0.8218996914773481
Jalan Ang Seng,F:\brickfields_named_streets_mapillary_strict\jalan_ang_seng_cluster\images\318224813050835.jpg,318224813050835.jpg,318224813050835.jpg,318224813050835,318224813050835,.jpg,F:\brickfields_named_streets_mapillary_strict\jalan_ang_seng_cluster\images,630636,3.2135934653756,101.72271029115,1579586155589,270.05102079269,vm84g9xhsvphok6c3yw8s8,direct_match|,318224813050835 jpg,318224813050835,318224813050835,665674059,0.23059057730590576,0.8301260783012607,0.06104844061048441,0.8772395487723955,0.5894713558947136,other,0.06104844061048441,0.8772395487723955,0.23059057730590576,0.8301260783012607,0.4912740544127405,0.9994331023034445,1.0,1.0,0.0,0.8218892292748036
Jalan Ang Seng,F:\brickfields_named_streets_mapillary_strict\jalan_ang_seng_cluster\images\3182219845391856.jpg,3182219845391856.jpg,3182219845391856.jpg,3182219845391856,3182219845391856,.jpg,F:\brickfields_named_streets_mapillary_strict\jalan_ang_seng_cluster\images,681513,3.2103258169005,101.71866575681,1579502384590,89.929087812264,dn0wl1klow6nd4qk05zi00,direct_match|,3182219845391856 jpg,3182219845391856,3182219845391856,665674059,0.23059057730590576,0.8301260783012607,0.06104844061048441,0.8772395487723955,0.5894713558947136,other,0.06104844061048441,0.8772395487723955,0.23059057730590576,0.8301260783012607,0.4912740544127405,0.9992120868029334,1.0,1.0,0.0,0.8218671277247525
Jalan Ang Seng,F:\brickfields_named_streets_mapillary_strict\jalan_ang_seng_cluster\images\509782180340071.jpg,509782180340071.jpg,509782180340071.jpg,509782180340071,509782180340071,.jpg,F:\brickfields_named_streets_mapillary_strict\jalan_ang_seng_cluster\images,1489428,3.2145874351059,101.72416136791,1579586319090,90.088088953917,rehxn1p65g9i8yypbj0jyh,direct_match|,509782180340071 jpg,509782180340071,509782180340071,665674059,0.23059057730590576,0.8301260783012607,0.06104844061048441,0.8772395487723955,0.5894713558947136,other,0.06104844061048441,0.8772395487723955,0.23059057730590576,0.8301260783012607,0.4912740544127405,0.9990212338453668,1.0,1.0,0.0,0.8218480424289958
Jalan Berhala,F:\brickfields_named_streets_mapillary_strict\jalan_berhala\images\772051373450724.jpg,772051373450724.jpg,772051373450724.jpg,772051373450724,772051373450724,.jpg,F:\brickfields_named_streets_mapillary_strict\jalan_berhala\images,1419732,3.1285142457982,101.68554966015,1579222452090,227.64274495105,tb122gip1x6f8ubr595dwa,direct_match|,772051373450724 jpg,772051373450724,772051373450724,478542020,0.5291970802919708,0.7903118779031187,0.7783676177836761,0.8759124087591241,0.8148639681486397,minor,0.7783676177836761,0.8759124087591241,0.5291970802919708,0.7903118779031187,0.7559057730590577,0.5293638327894443,0.8446827773288201,0.625,0.16800273265646842,0.7601106536475837
Jalan Berhala,F:\brickfields_named_streets_mapillary_strict\jalan_berhala\images\466258294434176.jpg,466258294434176.jpg,466258294434176.jpg,466258294434176,466258294434176,.jpg,F:\brickfields_named_streets_mapillary_strict\jalan_berhala\images,955234,3.1304104383888,101.68774946075,1579222746089,235.47100197293,wxit0h9krcochta3cwmo60,direct_match|,466258294434176 jpg,466258294434176,466258294434176,10284230342,0.8978102189781022,0.44061048440610484,0.8646317186463172,0.935633709356337,0.7469586374695864,minor,0.8646317186463172,0.935633709356337,0.8978102189781022,0.44061048440610484,0.783012607830126,0.6163444663658888,0.7783788064536392,0.625,0.24927261639282666,0.7484593222812707
Jalan Berhala,F:\brickfields_named_streets_mapillary_strict\jalan_berhala\images\497062081721733.jpg,497062081721733.jpg,497062081721733.jpg,497062081721733,497062081721733,.jpg,F:\brickfields_named_streets_mapillary_strict\jalan_berhala\images,794402,3.1985281159381,101.66572526667,1579656480590,88.621544226589,f60nwsknd713yqab6zfjbz,direct_match|,497062081721733 jpg,497062081721733,497062081721733,10802133310,0.10053085600530856,0.6111479761114798,0.10218978102189781,0.11280690112806901,0.27538155275381554,other,0.10218978102189781,0.11280690112806901,0.10053085600530856,0.6111479761114798,0.23175182481751824,0.9846838247398777,1.0,1.0,0.0,0.7295815211601192
Jalan Berhala,F:\brickfields_named_streets_mapillary_strict\jalan_berhala\images\952982905542690.jpg,952982905542690.jpg,952982905542690.jpg,952982905542690,952982905542690,.jpg,F:\brickfields_named_streets_mapillary_strict\jalan_berhala\images,1315961,3.1997259211747,101.66610787454,1626189385000,98.006296333972,HzUX0RiIOf7B9yv2uLo85C,direct_match|,952982905542690 jpg,952982905542690,952982905542690,10802133310,0.10053085600530856,0.6111479761114798,0.10218978102189781,0.11280690112806901,0.27538155275381554,other,0.10218978102189781,0.11280690112806901,0.10053085600530856,0.6111479761114798,0.23175182481751824,0.9110411518447555,1.0,1.0,0.0,0.722217253870607
Jalan Berhala,F:\brickfields_named_streets_mapillary_strict\jalan_berhala\images\1686737604860611.jpg,1686737604860611.jpg,1686737604860611.jpg,1686737604860611,1686737604860611,.jpg,F:\brickfields_named_streets_mapillary_strict\jalan_berhala\images,1188948,3.1286540924568,101.6857311472,1579393354589,228.61860127293,0vl5gm5i140q0tmgga2q1g,direct_match|,1686737604860611 jpg,1686737604860611,1686737604860611,13592889653,0.5291970802919708,0.6688785666887856,0.7770404777704047,0.6337093563370936,0.6932094669320946,other,0.7770404777704047,0.6337093563370936,0.5291970802919708,0.6688785666887856,0.6645985401459854,0.5402066808103332,0.8079552688657607,0.53125,0.22843173181983367,0.7033350281217206
Jalan Berhala,F:\brickfields_named_streets_mapillary_strict\jalan_berhala\images\125934549727709.jpg,125934549727709.jpg,125934549727709.jpg,125934549727709,125934549727709,.jpg,F:\brickfields_named_streets_mapillary_strict\jalan_berhala\images,2339081,3.1290359567565,101.68833602063,1626525885000,82.993401298532,dobpVJ1YagXstGeD7C0hLc,direct_match|,125934549727709 jpg,125934549727709,125934549727709,13232406619,0.5291970802919708,0.15262110152621103,0.5945587259455872,0.66821499668215,0.4717982747179828,other,0.5945587259455872,0.66821499668215,0.5291970802919708,0.15262110152621103,0.4894160583941606,0.9221489033170223,0.7326356867797451,0.46875,0.26134265711242877,0.6400715698205438
Jalan Berhala,F:\brickfields_named_streets_mapillary_strict\jalan_berhala\images\1200012010412572.jpg,1200012010412572.jpg,1200012010412572.jpg,1200012010412572,1200012010412572,.jpg,F:\brickfields_named_streets_mapillary_strict\jalan_berhala\images,2395722,3.1293500665275,101.68856268537,1626525875000,106.62819244162,dobpVJ1YagXstGeD7C0hLc,direct_match|,1200012010412572 jpg,1200012010412572,1200012010412572,478676717,0.5291970802919708,0.19973457199734573,0.6317186463171864,0.7259455872594559,0.5191329351913293,other,0.6317186463171864,0.7259455872594559,0.5291970802919708,0.19973457199734573,0.5267750497677505,0.8152423062042222,0.639097109702053,0.4375,0.24289310264232422,0.5972391974050587
Jalan Chan Ah Tong,F:\brickfields_named_streets_mapillary_strict\jalan_chan_ah_tong\images\1734268330688432.jpg,1734268330688432.jpg,1734268330688432.jpg,1734268330688432,1734268330688432,.jpg,F:\brickfields_named_streets_mapillary_strict\jalan_chan_ah_tong\images,627068,3.1298622,101.6844072,1737944978414,71.0,9Zx3AL8mjzW1TqpJXHioGw,direct_match|,1734268330688432 jpg,1734268330688432,1734268330688432,4608983681,0.8978102189781022,0.9615129396151294,0.9163901791639018,0.980092899800929,0.9526653395266532,major,0.9163901791639018,0.980092899800929,0.8978102189781022,0.9615129396151294,0.9398805573988056,0.7888888888888889,0.9175283264448616,0.78125,0.13037688050323554,0.8988598308786585
Jalan Chan Ah Tong,F:\brickfields_named_streets_mapillary_strict\jalan_chan_ah_tong\images\216354356665885.jpg,216354356665885.jpg,216354356665885.jpg,216354356665885,216354356665885,.jpg,F:\brickfields_named_streets_mapillary_strict\jalan_chan_ah_tong\images,1166713,3.1284119188686,101.68543944606,1579222454090,228.93794157279,tb122gip1x6f8ubr595dwa,direct_match|,216354356665885 jpg,216354356665885,216354356665885,13592889621,0.8978102189781022,0.7863304578633046,0.7597876575978766,0.8905109489051095,0.8122096881220969,minor,0.7597876575978766,0.8905109489051095,0.8978102189781022,0.7863304578633046,0.8267086927670869,0.5437549063643334,0.8013594219297684,0.65625,0.1589887503453502,0.7699602729733095
Jalan Chan Ah Tong,F:\brickfields_named_streets_mapillary_strict\jalan_chan_ah_tong\images\180550900602952.jpg,180550900602952.jpg,180550900602952.jpg,180550900602952,180550900602952,.jpg,F:\brickfields_named_streets_mapillary_strict\jalan_chan_ah_tong\images,1397069,3.1285663172636,101.68560399122,1579222451090,227.6508296768,tb122gip1x6f8ubr595dwa,direct_match|,180550900602952 jpg,180550900602952,180550900602952,4608979770,0.5291970802919708,0.7504976775049768,0.7836761778367618,0.8779031187790312,0.8040256580402566,minor,0.7836761778367618,0.8779031187790312,0.5291970802919708,0.7504976775049768,0.7480424684804247,0.5294536630755554,0.8395329620425871,0.5625,0.1924485444271684,0.7488000631948684
Jalan Chan Ah Tong,F:\brickfields_named_streets_mapillary_strict\jalan_chan_ah_tong\images\1368556340178862.jpg,1368556340178862.jpg,1368556340178862.jpg,1368556340178862,1368556340178862,.jpg,F:\brickfields_named_streets_mapillary_strict\jalan_chan_ah_tong\images,1197077,3.2002367662446,101.66416801426,1579656001089,269.44345514731,izu2q4oitgg42rvjhfr5uu,direct_match|,1368556340178862 jpg,1368556340178862,1368556340178862,10802133310,0.10053085600530856,0.6111479761114798,0.10218978102189781,0.11280690112806901,0.27538155275381554,other,0.10218978102189781,0.11280690112806901,0.10053085600530856,0.6111479761114798,0.23175182481751824,0.9938161683034442,1.0,1.0,0.0,0.7304947555164758
Jalan Rozario,F:\brickfields_named_streets_mapillary_strict\jalan_rozario\images\1198861130587642.jpg,1198861130587642.jpg,1198861130587642.jpg,1198861130587642,1198861130587642,.jpg,F:\brickfields_named_streets_mapillary_strict\jalan_rozario\images,626522,3.1304561078313,101.68512532473,1579222536589,136.06999561437,jytuu2gyoyjm56xojici92,direct_match|,1198861130587642 jpg,1198861130587642,1198861130587642,12063680243,0.8978102189781022,0.8818845388188454,0.9807564698075647,0.9422694094226941,0.9349701393497014,major,0.9807564698075647,0.9422694094226941,0.8978102189781022,0.8818845388188454,0.9298274717982747,0.4881111598403335,0.8752403952693051,0.75,0.21132267974822755,0.8431089089846168
Jalan Rozario,F:\brickfields_named_streets_mapillary_strict\jalan_rozario\images\467726724333120.jpg,467726724333120.jpg,467726724333120.jpg,467726724333120,467726724333120,.jpg,F:\brickfields_named_streets_mapillary_strict\jalan_rozario\images,995181,3.1306749315563,101.68534113649,1579222542089,47.123251953711,t1xn9w9sygjq6bk2umyyoz,direct_match|,467726724333120 jpg,467726724333120,467726724333120,12063680245,0.8978102189781022,0.8334439283344393,0.9900464499004645,0.9289980092899801,0.9174961291749613,major,0.9900464499004645,0.9289980092899801,0.8978102189781022,0.8334439283344393,0.9171864631718647,0.5235916883745666,0.8433057046013611,0.65625,0.1993371162391932,0.8184869980182218
Jalan Rozario,F:\brickfields_named_streets_mapillary_strict\jalan_rozario\images\195068739131932.jpg,195068739131932.jpg,195068739131932.jpg,195068739131932,195068739131932,.jpg,F:\brickfields_named_streets_mapillary_strict\jalan_rozario\images,660016,3.1303549325016,101.68491168343,1579567238590,49.581126962993,x5su9l4pm4wjji2afgfw0b,direct_match|,195068739131932 jpg,195068739131932,195068739131932,4608979736,0.5291970802919708,0.9057730590577306,0.9648307896483079,0.9860650298606503,0.9522229595222296,major,0.9648307896483079,0.9860650298606503,0.5291970802919708,0.9057730590577306,0.8682481751824818,0.5509014106999222,0.843363320546376,0.625,0.24359284727257915,0.8009904966297301
Jalan Rozario,F:\brickfields_named_streets_mapillary_strict\jalan_rozario\images\618431113906185.jpg,618431113906185.jpg,618431113906185.jpg,618431113906185,618431113906185,.jpg,F:\brickfields_named_streets_mapillary_strict\jalan_rozario\images,741330,3.1303285934554,101.68532897065,1737945207249,321.67244803506,9Zx3AL8mjzW1TqpJXHioGw,direct_match|,618431113906185 jpg,618431113906185,618431113906185,13592875687,0.5291970802919708,0.7723954877239548,0.9575315195753152,0.807564698075647,0.8458305684583057,major,0.9575315195753152,0.807564698075647,0.5291970802919708,0.7723954877239548,0.7880889183808892,0.4258616884993336,0.8362671639262081,0.71875,0.2000523842133421,0.7666125140500383
Jalan Rozario,F:\brickfields_named_streets_mapillary_strict\jalan_rozario\images\597515473040218.jpg,597515473040218.jpg,597515473040218.jpg,597515473040218,597515473040218,.jpg,F:\brickfields_named_streets_mapillary_strict\jalan_rozario\images,510323,3.1293113953129,101.68635837683,1737947891248,232.63730705537,Mz6SRBI4XvLWoYhpj05Vun,direct_match|,597515473040218 jpg,597515473040218,597515473040218,1515044058,0.5291970802919708,0.7412076974120769,0.8706038487060385,0.9887193098871931,0.8668436186684362,major,0.8706038487060385,0.9887193098871931,0.5291970802919708,0.7412076974120769,0.7995023224950233,0.5848589672818889,0.7828996285925804,0.625,0.17429857177357896,0.7531165424681083
Jalan Rozario,F:\brickfields_named_streets_mapillary_strict\jalan_rozario\images\1355491902118618.jpg,1355491902118618.jpg,1355491902118618.jpg,1355491902118618,1355491902118618,.jpg,F:\brickfields_named_streets_mapillary_strict\jalan_rozario\images,875999,3.12983264885,101.68586324295,1737945194373,258.5299264225,9Zx3AL8mjzW1TqpJXHioGw,direct_match|,1355491902118618 jpg,1355491902118618,1355491902118618,1804861362,0.8978102189781022,0.5766423357664233,0.9044459190444591,0.7146648971466489,0.7319177173191771,minor,0.9044459190444591,0.7146648971466489,0.8978102189781022,0.5766423357664233,0.7737226277372262,0.8725547380277779,0.699411935873504,0.4375,0.28959005083872913,0.7165437646538837
Jalan Rozario,F:\brickfields_named_streets_mapillary_strict\jalan_rozario\images\140730718038253.jpg,140730718038253.jpg,140730718038253.jpg,140730718038253,140730718038253,.jpg,F:\brickfields_named_streets_mapillary_strict\jalan_rozario\images,1030181,3.1291211440279,101.68623336113,1579393344089,228.9085721589,0vl5gm5i140q0tmgga2q1g,direct_match|,140730718038253 jpg,140730718038253,140730718038253,5735922059,0.5291970802919708,0.7106834771068348,0.8387524883875249,0.9104180491041804,0.8199513381995134,minor,0.8387524883875249,0.9104180491041804,0.5291970802919708,0.7106834771068348,0.7627405441274054,0.5434285795433333,0.6942304580796392,0.375,0.2636103176572794,0.6712057545347629
Jalan Rozario,F:\brickfields_named_streets_mapillary_strict\jalan_rozario\images\197285005689564.jpg,197285005689564.jpg,197285005689564.jpg,197285005689564,197285005689564,.jpg,F:\brickfields_named_streets_mapillary_strict\jalan_rozario\images,1903430,3.1294688738458,101.68617981967,1626435054000,113.5840758322,jPhakJcNKRnBWvlueXTStY,direct_match|,197285005689564 jpg,197285005689564,197285005689564,4768669225,0.5291970802919708,0.528865295288653,0.8672859986728599,0.3921698739216987,0.5961070559610705,other,0.8672859986728599,0.3921698739216987,0.5291970802919708,0.528865295288653,0.59628400796284,0.7379547129755555,0.7243077048695392,0.5,0.21338903033166934,0.6584333412758423
Jalan Rozario,F:\brickfields_named_streets_mapillary_strict\jalan_rozario\images\882406899030569.jpg,882406899030569.jpg,882406899030569.jpg,882406899030569,882406899030569,.jpg,F:\brickfields_named_streets_mapillary_strict\jalan_rozario\images,1786789,3.1296901547355,101.6860406724,1626435044000,158.03051945039,jPhakJcNKRnBWvlueXTStY,direct_match|,882406899030569 jpg,882406899030569,882406899030569,11256510541,0.5291970802919708,0.5806237558062376,0.8951559389515594,0.9170537491705375,0.7976111479761115,minor,0.8951559389515594,0.9170537491705375,0.5291970802919708,0.5806237558062376,0.7488055739880558,0.24410533944011126,0.6512223562040472,0.3125,0.2865304849733281,0.6107925451316519
Jalan Rozario,F:\brickfields_named_streets_mapillary_strict\jalan_rozario\images\642724448417575.jpg,642724448417575.jpg,642724448417575.jpg,642724448417575,642724448417575,.jpg,F:\brickfields_named_streets_mapillary_strict\jalan_rozario\images,529282,3.1300937036783,101.68554251316,1737945203297,323.55622602789,9Zx3AL8mjzW1TqpJXHioGw,direct_match|,642724448417575 jpg,642724448417575,642724448417575,13592875690,0.10053085600530856,0.3151957531519575,0.8427339084273391,0.11280690112806901,0.42357885423578856,other,0.8427339084273391,0.11280690112806901,0.10053085600530856,0.3151957531519575,0.3799270072992701,0.40493082191233354,0.7001982472385975,0.46875,0.33457917424069583,0.5354317460033468
Jalan Scott,F:\brickfields_named_streets_mapillary_strict\jalan_scott\images\351811673140963.jpg,351811673140963.jpg,351811673140963.jpg,351811673140963,351811673140963,.jpg,F:\brickfields_named_streets_mapillary_strict\jalan_scott\images,1985554,3.1363572834757,101.69117181444,1626524766000,62.974692973818,9Xgl0jF8mUtATErYISPwNQ,direct_match|,351811673140963 jpg,351811673140963,351811673140963,12186135937,0.5291970802919708,0.935633709356337,0.5182481751824818,0.8327803583278036,0.7622207476222075,minor,0.5182481751824818,0.8327803583278036,0.5291970802919708,0.935633709356337,0.7034173855341739,0.6997188108202,0.7651642481674051,0.71875,0.19634889850181522,0.7323668776943132
Jalan Scott,F:\brickfields_named_streets_mapillary_strict\jalan_scott\images\252710486375809.jpg,252710486375809.jpg,252710486375809.jpg,252710486375809,252710486375809,.jpg,F:\brickfields_named_streets_mapillary_strict\jalan_scott\images,1788599,3.1358561002983,101.69161533323,1626524784000,67.742132788101,9Xgl0jF8mUtATErYISPwNQ,direct_match|,252710486375809 jpg,252710486375809,252710486375809,3307421845,0.5291970802919708,0.635036496350365,0.47777040477770405,0.3351028533510285,0.48263658482636584,other,0.47777040477770405,0.3351028533510285,0.5291970802919708,0.635036496350365,0.49170537491705374,0.7526903643122334,0.6815937544936931,0.5625,0.35079610526420024,0.6103331071743541
Jalan Scott,F:\brickfields_named_streets_mapillary_strict\jalan_scott\images\315584706965002.jpg,315584706965002.jpg,315584706965002.jpg,315584706965002,315584706965002,.jpg,F:\brickfields_named_streets_mapillary_strict\jalan_scott\images,2202391,3.136165888889,101.69134211114,1626524770000,0.0,9Xgl0jF8mUtATErYISPwNQ,direct_match|,315584706965002 jpg,315584706965002,315584706965002,1770256217,0.5291970802919708,0.8679495686794957,0.5063039150630392,0.4870603848706038,0.6204379562043796,other,0.5063039150630392,0.4870603848706038,0.5291970802919708,0.8679495686794957,0.5964830789648308,0.0,0.6531647246970411,0.5625,0.2771945252269658,0.5589432037513593
Jalan Scott,F:\brickfields_named_streets_mapillary_strict\jalan_scott\images\836909327228440.jpg,836909327228440.jpg,836909327228440.jpg,836909327228440,836909327228440,.jpg,F:\brickfields_named_streets_mapillary_strict\jalan_scott\images,1745383,3.1350280161639,101.69236148468,1626524814000,104.19976661686,9Xgl0jF8mUtATErYISPwNQ,direct_match|,836909327228440 jpg,836909327228440,836909327228440,665673425,0.5291970802919708,0.7146648971466489,0.47312541473125413,0.8268082282680823,0.6715328467153284,other,0.47312541473125413,0.8268082282680823,0.5291970802919708,0.7146648971466489,0.6331453218314531,0.8422248153682221,0.49608409321108343,0.28125,0.5548619558611328,0.5571861861228183
Jalan Scott,F:\brickfields_named_streets_mapillary_strict\jalan_scott\images\997734771055743.jpg,997734771055743.jpg,997734771055743.jpg,997734771055743,997734771055743,.jpg,F:\brickfields_named_streets_mapillary_strict\jalan_scott\images,1973329,3.1355384267985,101.69189369274,1626524794000,46.192216925831,9Xgl0jF8mUtATErYISPwNQ,direct_match|,997734771055743 jpg,997734771055743,997734771055743,12186135941,0.5291970802919708,0.5361645653616457,0.46118115461181153,0.8314532183145322,0.6095996460959965,other,0.46118115461181153,0.8314532183145322,0.5291970802919708,0.5361645653616457,0.586098208360982,0.5132468547314555,0.5023600501822436,0.34375,0.41825486912003074,0.5168960809814989
Jalan Scott,F:\brickfields_named_streets_mapillary_strict\jalan_scott\images\1406751403021337.jpg,1406751403021337.jpg,1406751403021337.jpg,1406751403021337,1406751403021337,.jpg,F:\brickfields_named_streets_mapillary_strict\jalan_scott\images,1775920,3.13532510166,101.69211340499,1626524804000,73.201494053376,9Xgl0jF8mUtATErYISPwNQ,direct_match|,1406751403021337 jpg,1406751403021337,1406751403021337,3307421844,0.5291970802919708,0.5520902455209025,0.46250829462508297,0.8307896483078965,0.6151293961512939,other,0.46250829462508297,0.8307896483078965,0.5291970802919708,0.5520902455209025,0.5903118779031187,0.8133499339264,0.31762900822744383,0.125,0.45374970922045804,0.4433772043610813
Jalan Sultan Abdul Samad,F:\brickfields_named_streets_mapillary_strict\jalan_sultan_abdul_samad\images\299977401740816.jpg,299977401740816.jpg,299977401740816.jpg,299977401740816,299977401740816,.jpg,F:\brickfields_named_streets_mapillary_strict\jalan_sultan_abdul_samad\images,749958,3.1426643807772,101.69649359303,1579240554590,269.99861399924,37g2jgabyrpikwmum96pvd,direct_match|,299977401740816 jpg,299977401740816,299977401740816,665674059,0.23059057730590576,0.8301260783012607,0.06104844061048441,0.8772395487723955,0.5894713558947136,other,0.06104844061048441,0.8772395487723955,0.23059057730590576,0.8301260783012607,0.4912740544127405,0.9999845999915553,1.0,1.0,0.0,0.8219443790436147
Jalan Sultan Abdul Samad,F:\brickfields_named_streets_mapillary_strict\jalan_sultan_abdul_samad\images\1327270471780730.jpg,1327270471780730.jpg,1327270471780730.jpg,1327270471780730,1327270471780730,.jpg,F:\brickfields_named_streets_mapillary_strict\jalan_sultan_abdul_samad\images,814470,3.1454203628811,101.69861077483,1735442967762,270.00877555872,2qjYMILxd8uo1cHSaBbU9E,direct_match|,1327270471780730 jpg,1327270471780730,1327270471780730,665674059,0.23059057730590576,0.8301260783012607,0.06104844061048441,0.8772395487723955,0.5894713558947136,other,0.06104844061048441,0.8772395487723955,0.23059057730590576,0.8301260783012607,0.4912740544127405,0.9999024937919999,1.0,1.0,0.0,0.8219361684236591
Jalan Sultan Abdul Samad,F:\brickfields_named_streets_mapillary_strict\jalan_sultan_abdul_samad\images\1346451466380145.jpg,1346451466380145.jpg,1346451466380145.jpg,1346451466380145,1346451466380145,.jpg,F:\brickfields_named_streets_mapillary_strict\jalan_sultan_abdul_samad\images,1088498,3.1426212641338,101.69700486157,1738223572422,270.0242620209,lQ80gnJrfYczV4ekWwZ2au,direct_match|,1346451466380145 jpg,1346451466380145,1346451466380145,665674059,0.23059057730590576,0.8301260783012607,0.06104844061048441,0.8772395487723955,0.5894713558947136,other,0.06104844061048441,0.8772395487723955,0.23059057730590576,0.8301260783012607,0.4912740544127405,0.9997304219900002,1.0,1.0,0.0,0.8219189612434592
Jalan Sultan Abdul Samad,F:\brickfields_named_streets_mapillary_strict\jalan_sultan_abdul_samad\images\929265094525375.jpg,929265094525375.jpg,929265094525375.jpg,929265094525375,929265094525375,.jpg,F:\brickfields_named_streets_mapillary_strict\jalan_sultan_abdul_samad\images,657848,3.1424959519134,101.69735080169,1579240000590,269.90036882174,9hkvcu8t0066bj10t0l1mz,direct_match|,929265094525375 jpg,929265094525375,929265094525375,665674059,0.23059057730590576,0.8301260783012607,0.06104844061048441,0.8772395487723955,0.5894713558947136,other,0.06104844061048441,0.8772395487723955,0.23059057730590576,0.8301260783012607,0.4912740544127405,0.9988929869082224,1.0,1.0,0.0,0.8218352177352815
Jalan Sultan Abdul Samad,F:\brickfields_named_streets_mapillary_strict\jalan_sultan_abdul_samad\images\3642585469300145.jpg,3642585469300145.jpg,3642585469300145.jpg,3642585469300145,3642585469300145,.jpg,F:\brickfields_named_streets_mapillary_strict\jalan_sultan_abdul_samad\images,1117239,3.1426769697631,101.69542996374,1626520615000,272.32843266454,PYM2tIjfC8W0a3LueKhbZB,direct_match|,3642585469300145 jpg,3642585469300145,3642585469300145,665674002,0.23059057730590576,0.8487060384870604,0.0650298606502986,0.8792302587923025,0.5976553859765539,other,0.0650298606502986,0.8792302587923025,0.23059057730590576,0.8487060384870604,0.49761114797611145,0.9741285259495556,1.0,1.0,0.0,0.8215767543865945
Jalan Sultan Abdul Samad,F:\brickfields_named_streets_mapillary_strict\jalan_sultan_abdul_samad\images\248296037091411.jpg,248296037091411.jpg,248296037091411.jpg,248296037091411,248296037091411,.jpg,F:\brickfields_named_streets_mapillary_strict\jalan_sultan_abdul_samad\images,676423,3.142604019249,101.69622481026,1579240078089,270.34380412735,5vn5b9qpa2vinue74unz2d,direct_match|,248296037091411 jpg,248296037091411,248296037091411,665674059,0.23059057730590576,0.8301260783012607,0.06104844061048441,0.8772395487723955,0.5894713558947136,other,0.06104844061048441,0.8772395487723955,0.23059057730590576,0.8301260783012607,0.4912740544127405,0.9961799541405557,1.0,1.0,0.0,0.8215639144585147
Jalan Sultan Abdul Samad,F:\brickfields_named_streets_mapillary_strict\jalan_sultan_abdul_samad\images\123734883073016.jpg,123734883073016.jpg,123734883073016.jpg,123734883073016,123734883073016,.jpg,F:\brickfields_named_streets_mapillary_strict\jalan_sultan_abdul_samad\images,714710,3.1443494253203,101.69864000615,1579237914590,269.53282871356,en6nfiox5rxmg7nvf4vpt6,direct_match|,123734883073016 jpg,123734883073016,123734883073016,665674059,0.23059057730590576,0.8301260783012607,0.06104844061048441,0.8772395487723955,0.5894713558947136,other,0.06104844061048441,0.8772395487723955,0.23059057730590576,0.8301260783012607,0.4912740544127405,0.9948092079284442,1.0,1.0,0.0,0.8214268398373036
Jalan Sultan Abdul Samad,F:\brickfields_named_streets_mapillary_strict\jalan_sultan_abdul_samad\images\971316457790898.jpg,971316457790898.jpg,971316457790898.jpg,971316457790898,971316457790898,.jpg,F:\brickfields_named_streets_mapillary_strict\jalan_sultan_abdul_samad\images,888975,3.1426488215249,101.69674747011,1738223579549,269.17633717731,lQ80gnJrfYczV4ekWwZ2au,direct_match|,971316457790898 jpg,971316457790898,971316457790898,665674059,0.23059057730590576,0.8301260783012607,0.06104844061048441,0.8772395487723955,0.5894713558947136,other,0.06104844061048441,0.8772395487723955,0.23059057730590576,0.8301260783012607,0.4912740544127405,0.9908481908590002,1.0,1.0,0.0,0.8210307381303592
Jalan Sultan Abdul Samad,F:\brickfields_named_streets_mapillary_strict\jalan_sultan_abdul_samad\images\117859977133846.jpg,117859977133846.jpg,117859977133846.jpg,117859977133846,117859977133846,.jpg,F:\brickfields_named_streets_mapillary_strict\jalan_sultan_abdul_samad\images,1687836,3.1450346509138,101.69858727227,1626519737000,90.861651847441,EpvdjXQZNMwr09DFYmz4Ui,direct_match|,117859977133846 jpg,117859977133846,117859977133846,665674059,0.23059057730590576,0.8301260783012607,0.06104844061048441,0.8772395487723955,0.5894713558947136,other,0.06104844061048441,0.8772395487723955,0.23059057730590576,0.8301260783012607,0.4912740544127405,0.9904260905839889,1.0,1.0,0.0,0.820988528102858
Jalan Sultan Abdul Samad,F:\brickfields_named_streets_mapillary_strict\jalan_sultan_abdul_samad\images\1097415614094047.jpg,1097415614094047.jpg,1097415614094047.jpg,1097415614094047,1097415614094047,.jpg,F:\brickfields_named_streets_mapillary_strict\jalan_sultan_abdul_samad\images,710493,3.1445869067316,101.69865263773,1579239685589,88.78504132721,sc3lurvr5nnhg3pokyfqml,direct_match|,1097415614094047 jpg,1097415614094047,1097415614094047,665674059,0.23059057730590576,0.8301260783012607,0.06104844061048441,0.8772395487723955,0.5894713558947136,other,0.06104844061048441,0.8772395487723955,0.23059057730590576,0.8301260783012607,0.4912740544127405,0.9865004591912222,1.0,1.0,0.0,0.8205959649635813
Jalan Sultan Abdul Samad,F:\brickfields_named_streets_mapillary_strict\jalan_sultan_abdul_samad\images\474388930339310.jpg,474388930339310.jpg,474388930339310.jpg,474388930339310,474388930339310,.jpg,F:\brickfields_named_streets_mapillary_strict\jalan_sultan_abdul_samad\images,739612,3.1439326703296,101.69865601753,1579239701589,88.087395430305,sc3lurvr5nnhg3pokyfqml,direct_match|,474388930339310 jpg,474388930339310,474388930339310,665674059,0.23059057730590576,0.8301260783012607,0.06104844061048441,0.8772395487723955,0.5894713558947136,other,0.06104844061048441,0.8772395487723955,0.23059057730590576,0.8301260783012607,0.4912740544127405,0.9787488381145,1.0,1.0,0.0,0.8198208028559092
Jalan Sultan Abdul Samad,F:\brickfields_named_streets_mapillary_strict\jalan_sultan_abdul_samad\images\3126687594230580.jpg,3126687594230580.jpg,3126687594230580.jpg,3126687594230580,3126687594230580,.jpg,F:\brickfields_named_streets_mapillary_strict\jalan_sultan_abdul_samad\images,952687,3.1312372530685,101.68873031582,1579393275589,230.24940634347,zexvrxnuus9ro8zo6hxfv6,direct_match|,3126687594230580 jpg,3126687594230580,3126687594230580,12189371398,0.8978102189781022,0.5096217650962177,0.8785666887856669,0.962176509621765,0.7834549878345499,minor,0.8785666887856669,0.962176509621765,0.8978102189781022,0.5096217650962177,0.8110816191108162,0.5583267371496667,0.8596725103523415,0.78125,0.17726623001718575,0.8046888700623059
Jalan Thambipillay,F:\brickfields_named_streets_mapillary_strict\jalan_thambipillay\images\502663897812683.jpg,502663897812683.jpg,502663897812683.jpg,502663897812683,502663897812683,.jpg,F:\brickfields_named_streets_mapillary_strict\jalan_thambipillay\images,951035,3.1302768012304,101.68755394016,1579222752089,234.1898083145,wxit0h9krcochta3cwmo60,direct_match|,502663897812683 jpg,502663897812683,502663897812683,665673398,0.5291970802919708,0.6144658261446583,0.9077637690776377,0.9946914399469144,0.8389736783897369,major,0.9077637690776377,0.9946914399469144,0.5291970802919708,0.6144658261446583,0.7804578633045787,0.6021089812722222,0.7965094526653231,0.625,0.24118391094479374,0.7543004039832202
Jalan Thambipillay,F:\brickfields_named_streets_mapillary_strict\jalan_thambipillay\images\1774275489973689.jpg,1774275489973689.jpg,1774275489973689.jpg,1774275489973689,1774275489973689,.jpg,F:\brickfields_named_streets_mapillary_strict\jalan_thambipillay\images,622372,3.1312303866901,101.68711143042,1737947827536,225.13544943253,Mz6SRBI4XvLWoYhpj05Vun,direct_match|,1774275489973689 jpg,1774275489973689,1774275489973689,665673321,0.8978102189781022,0.39482415394824155,0.9528865295288653,0.8394160583941606,0.7290422472904226,minor,0.9528865295288653,0.8394160583941606,0.8978102189781022,0.39482415394824155,0.7739880557398806,0.5015049936947779,0.8229324742316162,0.5625,0.24832018073367862,0.7476159322826633
Jalan Thambipillay,F:\brickfields_named_streets_mapillary_strict\jalan_thambipillay\images\136624178460844.jpg,136624178460844.jpg,136624178460844.jpg,136624178460844,136624178460844,.jpg,F:\brickfields_named_streets_mapillary_strict\jalan_thambipillay\images,689159,3.1332938752346,101.68932189284,1579221952590,45.768737903776,u6lkhy9adtpjyoao5k7o85,direct_match|,136624178460844 jpg,136624178460844,136624178460844,11749648657,0.8978102189781022,0.7690776376907764,0.8487060384870604,0.8526874585268746,0.8234903782349038,major,0.8487060384870604,0.8526874585268746,0.8978102189781022,0.7690776376907764,0.8396151293961513,0.5085415322641778,0.7225281800369943,0.53125,0.3003821924091641,0.7229821295317181
Jalan Thambipillay,F:\brickfields_named_streets_mapillary_strict\jalan_thambipillay\images\1596527507695675.jpg,1596527507695675.jpg,1596527507695675.jpg,1596527507695675,1596527507695675,.jpg,F:\brickfields_named_streets_mapillary_strict\jalan_thambipillay\images,964934,3.1308728791263,101.68703790518,1737945068283,227.82900199944,9Zx3AL8mjzW1TqpJXHioGw,direct_match|,1596527507695675 jpg,1596527507695675,1596527507695675,13592875669,0.8978102189781022,0.39946914399469147,0.9396151293961513,0.7358991373589914,0.6916611369166114,other,0.9396151293961513,0.7358991373589914,0.8978102189781022,0.39946914399469147,0.7452886529528866,0.5314333555493335,0.6631307954232228,0.46875,0.3917930474055168,0.659278222028894
Jalan Thambipillay,F:\brickfields_named_streets_mapillary_strict\jalan_thambipillay\images\9486728108052599.jpg,9486728108052599.jpg,9486728108052599.jpg,9486728108052599,9486728108052599,.jpg,F:\brickfields_named_streets_mapillary_strict\jalan_thambipillay\images,643093,3.1314494727331,101.68717054597,1737945044250,160.30978949498,9Zx3AL8mjzW1TqpJXHioGw,direct_match|,9486728108052599 jpg,9486728108052599,9486728108052599,13592970039,0.8978102189781022,0.3788984737889847,0.9542136695421367,0.5394824153948241,0.6241981862419819,other,0.9542136695421367,0.5394824153948241,0.8978102189781022,0.3788984737889847,0.6954213669542136,0.21878011672244435,0.6051847091712066,0.59375,0.2668684184624677,0.5969836092332622
Jalan Thambipillay,F:\brickfields_named_streets_mapillary_strict\jalan_thambipillay\images\515165086419309.jpg,515165086419309.jpg,515165086419309.jpg,515165086419309,515165086419309,.jpg,F:\brickfields_named_streets_mapillary_strict\jalan_thambipillay\images,1718396,3.1315425840987,101.68741753083,1626525436000,136.96294704806,9Xgl0jF8mUtATErYISPwNQ,direct_match|,515165086419309 jpg,515165086419309,515165086419309,5735922032,0.5291970802919708,0.36230922362309226,0.948905109489051,0.7883211678832117,0.6998451669984517,other,0.948905109489051,0.7883211678832117,0.5291970802919708,0.36230922362309226,0.6781685467816855,0.4781894772437779,0.601907127398114,0.375,0.345738793758353,0.593536146427119
Jalan Thambipillay,F:\brickfields_named_streets_mapillary_strict\jalan_thambipillay\images\350387096688703.jpg,350387096688703.jpg,350387096688703.jpg,350387096688703,350387096688703,.jpg,F:\brickfields_named_streets_mapillary_strict\jalan_thambipillay\images,1473780,3.1329622128456,101.68897523023,1626525376000,270.54938764944,9Xgl0jF8mUtATErYISPwNQ,direct_match|,350387096688703 jpg,350387096688703,350387096688703,4608991282,0.5291970802919708,0.6509621765096217,0.9017916390179164,0.9130723291307233,0.8219420482194205,minor,0.9017916390179164,0.9130723291307233,0.5291970802919708,0.6509621765096217,0.7673855341738554,0.9938956927839999,0.41530687386355536,0.21875,0.5306199661987236,0.5767375994778493
Jalan Thambipillay,F:\brickfields_named_streets_mapillary_strict\jalan_thambipillay\images\777377369607400.jpg,777377369607400.jpg,777377369607400.jpg,777377369607400,777377369607400,.jpg,F:\brickfields_named_streets_mapillary_strict\jalan_thambipillay\images,1605774,3.132712321189,101.68880117995,1626525354000,275.20072001368,9Xgl0jF8mUtATErYISPwNQ,direct_match|,777377369607400 jpg,777377369607400,777377369607400,4618620986,0.5291970802919708,0.5958858659588586,0.9130723291307233,0.9197080291970803,0.8095554080955539,minor,0.9130723291307233,0.9197080291970803,0.5291970802919708,0.5958858659588586,0.7586595885865959,0.9422142220702224,0.4207316390375829,0.15625,0.5955524482439637,0.5647065157792431
Jalan Thambipillay,F:\brickfields_named_streets_mapillary_strict\jalan_thambipillay\images\240572351242807.jpg,240572351242807.jpg,240572351242807.jpg,240572351242807,240572351242807,.jpg,F:\brickfields_named_streets_mapillary_strict\jalan_thambipillay\images,1554842,3.1322767043171,101.68821283557,1626525406000,84.383566574539,9Xgl0jF8mUtATErYISPwNQ,direct_match|,240572351242807 jpg,240572351242807,240572351242807,4618622203,0.5291970802919708,0.542136695421367,0.9628400796284008,0.9157266091572661,0.8069011280690113,minor,0.9628400796284008,0.9157266091572661,0.5291970802919708,0.542136695421367,0.7591572660915726,0.9375951841615445,0.41547761431576713,0.15625,0.582948333296141,0.5620544879903001
Jalan Thambipillay,F:\brickfields_named_streets_mapillary_strict\jalan_thambipillay\images\2895538333996855.jpg,2895538333996855.jpg,2895538333996855.jpg,2895538333996855,2895538333996855,.jpg,F:\brickfields_named_streets_mapillary_strict\jalan_thambipillay\images,1719409,3.1317773233378,101.68767722244,1626525426000,144.23120458088,9Xgl0jF8mUtATErYISPwNQ,direct_match|,2895538333996855 jpg,2895538333996855,2895538333996855,3307418498,0.5291970802919708,0.4041141340411413,0.9562043795620438,0.7836761778367618,0.7146648971466489,minor,0.9562043795620438,0.7836761778367618,0.5291970802919708,0.4041141340411413,0.689648307896483,0.39743106021244456,0.5162668415061669,0.25,0.49123926948083846,0.5384400924627886
Jalan Thambipillay,F:\brickfields_named_streets_mapillary_strict\jalan_thambipillay\images\603224035637846.jpg,603224035637846.jpg,603224035637846.jpg,603224035637846,603224035637846,.jpg,F:\brickfields_named_streets_mapillary_strict\jalan_thambipillay\images,606586,3.130472820568,101.68739338124,1737947849375,157.17598564204,Mz6SRBI4XvLWoYhpj05Vun,direct_match|,603224035637846 jpg,603224035637846,603224035637846,4768669230,0.5291970802919708,0.42269409422694093,0.9051094890510949,0.7458526874585268,0.6912187569121876,other,0.9051094890510949,0.7458526874585268,0.5291970802919708,0.42269409422694093,0.6695089581950896,0.25360015953288895,0.489224251175116,0.34375,0.3318635719667165,0.5142140643503724
Jalan Thambipillay,F:\brickfields_named_streets_mapillary_strict\jalan_thambipillay\images\861031114820688.jpg,861031114820688.jpg,861031114820688.jpg,861031114820688,861031114820688,.jpg,F:\brickfields_named_streets_mapillary_strict\jalan_thambipillay\images,1720064,3.1320618443968,101.68798453488,1626525414000,134.76097611948,9Xgl0jF8mUtATErYISPwNQ,direct_match|,861031114820688 jpg,861031114820688,861031114820688,3307418495,0.5291970802919708,0.5275381552753815,0.9635036496350365,0.9183808891838089,0.8031408980314089,minor,0.9635036496350365,0.9183808891838089,0.5291970802919708,0.5275381552753815,0.7563702720637027,0.5026558208946665,0.4016760998547607,0.15625,0.5064874335488677,0.5113744222464048
Jalan Travers / Jalan Rakyat,F:\brickfields_named_streets_mapillary_strict\jalan_travers_jalan_rakyat\images\2913599792223803.jpg,2913599792223803.jpg,2913599792223803.jpg,2913599792223803,2913599792223803,.jpg,F:\brickfields_named_streets_mapillary_strict\jalan_travers_jalan_rakyat\images,1113314,3.1317373561008,101.68232272308,1626434896000,86.796575161343,jPhakJcNKRnBWvlueXTStY,direct_match|,2913599792223803 jpg,2913599792223803,2913599792223803,4768666755,0.8978102189781022,0.8971466489714665,0.6211015262110152,0.8619774386197744,0.7934085379340853,minor,0.6211015262110152,0.8619774386197744,0.8978102189781022,0.8971466489714665,0.8056735235567353,0.9644063906815888,1.0,1.0,0.0,0.9284263723130163
Jalan Travers / Jalan Rakyat,F:\brickfields_named_streets_mapillary_strict\jalan_travers_jalan_rakyat\images\242923787666023.jpg,242923787666023.jpg,242923787666023.jpg,242923787666023,242923787666023,.jpg,F:\brickfields_named_streets_mapillary_strict\jalan_travers_jalan_rakyat\images,1536828,3.1313369085472,101.68274043889,1626436968000,281.38578941797,dY4TmEOPS0r8jUtwp17A3X,direct_match|,242923787666023 jpg,242923787666023,242923787666023,3915669271,0.5291970802919708,0.9256801592568016,0.6828135368281354,0.9893828798938288,0.8659588586595884,major,0.6828135368281354,0.9893828798938288,0.5291970802919708,0.9256801592568016,0.7894492368944923,0.8734912286892224,0.9729644437745174,0.9375,0.049495053891546445,0.8952403554805274
Jalan Travers / Jalan Rakyat,F:\brickfields_named_streets_mapillary_strict\jalan_travers_jalan_rakyat\images\280166857082107.jpg,280166857082107.jpg,280166857082107.jpg,280166857082107,280166857082107,.jpg,F:\brickfields_named_streets_mapillary_strict\jalan_travers_jalan_rakyat\images,665282,3.1301301162345,101.68443059883,1579567223590,90.176737141945,x5su9l4pm4wjji2afgfw0b,direct_match|,280166857082107 jpg,280166857082107,280166857082107,1515044067,0.5291970802919708,0.8135368281353683,0.8911745189117452,0.7989382879893829,0.8345498783454989,major,0.8911745189117452,0.7989382879893829,0.5291970802919708,0.8135368281353683,0.7763105507631055,0.9980362539783889,0.9547788489654003,0.9375,0.07698087636458514,0.894912800199356
Jalan Travers / Jalan Rakyat,F:\brickfields_named_streets_mapillary_strict\jalan_travers_jalan_rakyat\images\933334290850102.jpg,933334290850102.jpg,933334290850102.jpg,933334290850102,933334290850102,.jpg,F:\brickfields_named_streets_mapillary_strict\jalan_travers_jalan_rakyat\images,1511844,3.1313960146849,101.68195085141,1626434888000,66.523648202264,jPhakJcNKRnBWvlueXTStY,direct_match|,933334290850102 jpg,933334290850102,933334290850102,10291757246,0.5291970802919708,0.9051094890510949,0.6244193762441937,0.9814200398142005,0.8369829683698297,major,0.6244193762441937,0.9814200398142005,0.5291970802919708,0.9051094890510949,0.7647976111479762,0.7391516466918222,1.0,1.0,0.0,0.8915943285709739
Jalan Travers / Jalan Rakyat,F:\brickfields_named_streets_mapillary_strict\jalan_travers_jalan_rakyat\images\1025781264917908.jpg,1025781264917908.jpg,1025781264917908.jpg,1025781264917908,1025781264917908,.jpg,F:\brickfields_named_streets_mapillary_strict\jalan_travers_jalan_rakyat\images,1417060,3.131125870411,101.68173835281,1626434884000,59.663398200199,jPhakJcNKRnBWvlueXTStY,direct_match|,1025781264917908 jpg,1025781264917908,1025781264917908,10291757246,0.5291970802919708,0.9051094890510949,0.6244193762441937,0.9814200398142005,0.8369829683698297,major,0.6244193762441937,0.9814200398142005,0.5291970802919708,0.9051094890510949,0.7647976111479762,0.6629266466688777,1.0,1.0,0.0,0.8839718285686794
Jalan Travers / Jalan Rakyat,F:\brickfields_named_streets_mapillary_strict\jalan_travers_jalan_rakyat\images\515601912931620.jpg,515601912931620.jpg,515601912931620.jpg,515601912931620,515601912931620,.jpg,F:\brickfields_named_streets_mapillary_strict\jalan_travers_jalan_rakyat\images,822474,3.1309080099735,101.68166448099,1579566728089,303.19983920453,9hyx5t9xugvoeevvbu4okw,direct_match|,515601912931620 jpg,515601912931620,515601912931620,10291757246,0.5291970802919708,0.9051094890510949,0.6244193762441937,0.9814200398142005,0.8369829683698297,major,0.6244193762441937,0.9814200398142005,0.5291970802919708,0.9051094890510949,0.7647976111479762,0.6311128977274443,1.0,1.0,0.0,0.880790453674536
Jalan Travers / Jalan Rakyat,F:\brickfields_named_streets_mapillary_strict\jalan_travers_jalan_rakyat\images\1904813229688180.jpg,1904813229688180.jpg,1904813229688180.jpg,1904813229688180,1904813229688180,.jpg,F:\brickfields_named_streets_mapillary_strict\jalan_travers_jalan_rakyat\images,1625196,3.1315797863191,101.68253597874,1626435278000,304.09877071181,SWMZ6A2EKqQFf7IRt5xbsH,direct_match|,1904813229688180 jpg,1904813229688180,1904813229688180,10291757246,0.5291970802919708,0.9051094890510949,0.6244193762441937,0.9814200398142005,0.8369829683698297,major,0.6244193762441937,0.9814200398142005,0.5291970802919708,0.9051094890510949,0.7647976111479762,0.6211247698687777,0.9988955189221469,1.0,0.0004769481220029245,0.8792946244036355
Jalan Travers / Jalan Rakyat,F:\brickfields_named_streets_mapillary_strict\jalan_travers_jalan_rakyat\images\294329798995069.jpg,294329798995069.jpg,294329798995069.jpg,294329798995069,294329798995069,.jpg,F:\brickfields_named_streets_mapillary_strict\jalan_travers_jalan_rakyat\images,716714,3.1315337020126,101.68214202447,1579566721089,306.73391128012,9hyx5t9xugvoeevvbu4okw,direct_match|,294329798995069 jpg,294329798995069,294329798995069,10291757246,0.5291970802919708,0.9051094890510949,0.6244193762441937,0.9814200398142005,0.8369829683698297,major,0.6244193762441937,0.9814200398142005,0.5291970802919708,0.9051094890510949,0.7647976111479762,0.5918454302208886,1.0,1.0,0.0,0.8768637069238805
Jalan Travers / Jalan Rakyat,F:\brickfields_named_streets_mapillary_strict\jalan_travers_jalan_rakyat\images\510244150015730.jpg,510244150015730.jpg,510244150015730.jpg,510244150015730,510244150015730,.jpg,F:\brickfields_named_streets_mapillary_strict\jalan_travers_jalan_rakyat\images,849306,3.1297807131661,101.68411993886,1579567195590,245.54998647574,z3us05a52r1u78bhhz6r09,direct_match|,510244150015730 jpg,510244150015730,510244150015730,4608979735,0.8978102189781022,0.9568679495686795,0.887193098871931,0.9854014598540146,0.9431541694315416,major,0.887193098871931,0.9854014598540146,0.8978102189781022,0.9568679495686795,0.9312873258128733,0.7283331830637779,0.8607128760388467,0.75,0.20982385399461848,0.8611046765583645
Jalan Travers / Jalan Rakyat,F:\brickfields_named_streets_mapillary_strict\jalan_travers_jalan_rakyat\images\123227166654911.jpg,123227166654911.jpg,123227166654911.jpg,123227166654911,123227166654911,.jpg,F:\brickfields_named_streets_mapillary_strict\jalan_travers_jalan_rakyat\images,1591068,3.1311022126119,101.68286699452,1626436958000,83.47369980536,dY4TmEOPS0r8jUtwp17A3X,direct_match|,123227166654911 jpg,123227166654911,123227166654911,4769200859,0.8978102189781022,0.8573324485733245,0.6788321167883211,0.6768414067684141,0.7376686573766866,minor,0.6788321167883211,0.6768414067684141,0.8978102189781022,0.8573324485733245,0.7667551426675514,0.9274855533928889,0.9267044111041265,0.78125,0.1264253639656877,0.8562548402697887
Jalan Travers / Jalan Rakyat,F:\brickfields_named_streets_mapillary_strict\jalan_travers_jalan_rakyat\images\1115396007089929.jpg,1115396007089929.jpg,1115396007089929.jpg,1115396007089929,1115396007089929,.jpg,F:\brickfields_named_streets_mapillary_strict\jalan_travers_jalan_rakyat\images,1875397,3.1310976930086,101.68198208364,1749625848465,214.53589154019,Gv2oUPms8JpkK1CjYxTZQg,direct_match|,1115396007089929 jpg,1115396007089929,1115396007089929,10291757246,0.5291970802919708,0.9051094890510949,0.6244193762441937,0.9814200398142005,0.8369829683698297,major,0.6244193762441937,0.9814200398142005,0.5291970802919708,0.9051094890510949,0.7647976111479762,0.3837321282243332,1.0,1.0,0.0,0.856052376724225
Jalan Travers / Jalan Rakyat,F:\brickfields_named_streets_mapillary_strict\jalan_travers_jalan_rakyat\images\254788939583605.jpg,254788939583605.jpg,254788939583605.jpg,254788939583605,254788939583605,.jpg,F:\brickfields_named_streets_mapillary_strict\jalan_travers_jalan_rakyat\images,587416,3.1301566895318,101.68418101862,1579567220090,104.42392769975,x5su9l4pm4wjji2afgfw0b,direct_match|,254788939583605 jpg,254788939583605,254788939583605,4608979741,0.5291970802919708,0.8659588586595885,0.8772395487723955,0.7873258128732581,0.8435080734350807,major,0.8772395487723955,0.7873258128732581,0.5291970802919708,0.8659588586595885,0.7823324485733245,0.8397341366694445,0.9164297231263588,0.75,0.13520341294297156,0.8451831460744695
Jalan Tun Sambanthan,F:\brickfields_named_streets_mapillary_strict\jalan_tun_sambanthan\images\912203009349784.jpg,912203009349784.jpg,912203009349784.jpg,912203009349784,912203009349784,.jpg,F:\brickfields_named_streets_mapillary_strict\jalan_tun_sambanthan\images,558568,3.1381762321493,101.69360316957,1579251061090,270.63709085924,3senhuq9pdj47kepz7mfqe,direct_match|,912203009349784 jpg,912203009349784,912203009349784,665673584,0.8978102189781022,0.9946914399469144,0.32050431320504313,0.9349701393497014,0.7500552975005531,minor,0.32050431320504313,0.9349701393497014,0.8978102189781022,0.9946914399469144,0.7581287325812874,0.992921212675111,0.9915632719542777,1.0,0.01258399723458964,0.9108406500503866
Jalan Tun Sambanthan,F:\brickfields_named_streets_mapillary_strict\jalan_tun_sambanthan\images\300469624960382.jpg,300469624960382.jpg,300469624960382.jpg,300469624960382,300469624960382,.jpg,F:\brickfields_named_streets_mapillary_strict\jalan_tun_sambanthan\images,1184454,3.1341095506016,101.68879356213,1579567364590,305.52835069175,7jzyqez9y2v0oiwpm4u51v,direct_match|,300469624960382 jpg,300469624960382,300469624960382,4619870917,0.8978102189781022,0.9289980092899801,0.9183808891838089,0.9409422694094227,0.929440389294404,major,0.9183808891838089,0.9409422694094227,0.8978102189781022,0.9289980092899801,0.9225613802256138,0.6052405478694444,0.956011082785008,0.9375,0.04828323382884654,0.907375525119163
Jalan Tun Sambanthan,F:\brickfields_named_streets_mapillary_strict\jalan_tun_sambanthan\images\1734268330688432.jpg,1734268330688432.jpg,1734268330688432.jpg,1734268330688432,1734268330688432,.jpg,F:\brickfields_named_streets_mapillary_strict\jalan_tun_sambanthan\images,627068,3.1298622,101.6844072,1737944978414,71.0,9Zx3AL8mjzW1TqpJXHioGw,direct_match|,1734268330688432 jpg,1734268330688432,1734268330688432,4608983681,0.8978102189781022,0.9615129396151294,0.9163901791639018,0.980092899800929,0.9526653395266532,major,0.9163901791639018,0.980092899800929,0.8978102189781022,0.9615129396151294,0.9398805573988056,0.7888888888888889,0.9175283264448616,0.78125,0.13037688050323554,0.8988598308786585
Jalan Tun Sambanthan,F:\brickfields_named_streets_mapillary_strict\jalan_tun_sambanthan\images\1417699469584874.jpg,1417699469584874.jpg,1417699469584874.jpg,1417699469584874,1417699469584874,.jpg,F:\brickfields_named_streets_mapillary_strict\jalan_tun_sambanthan\images,1281070,3.1366783044935,101.69167500407,1749625353567,271.74579806175,aj1yzxhfeQNpkGK9CE2Otr,direct_match|,1417699469584874 jpg,1417699469584874,1417699469584874,11909331633,0.5291970802919708,0.8984737889847378,0.46051758460517583,0.9973457199734572,0.7854456978544571,minor,0.46051758460517583,0.9973457199734572,0.5291970802919708,0.8984737889847378,0.7179495686794957,0.9806022437583333,0.9963047536172651,1.0,0.006466728856319841,0.8976797125414262
Jalan Tun Sambanthan,F:\brickfields_named_streets_mapillary_strict\jalan_tun_sambanthan\images\761576011223778.jpg,761576011223778.jpg,761576011223778.jpg,761576011223778,761576011223778,.jpg,F:\brickfields_named_streets_mapillary_strict\jalan_tun_sambanthan\images,885866,3.1269468973956,101.68317755406,1579222869589,117.46092927065,3vbbty279xwaryyhp1t0e9,direct_match|,761576011223778 jpg,761576011223778,761576011223778,1515044051,0.9990046449900465,0.9973457199734572,0.6443264764432648,0.9442601194426012,0.8619774386197744,major,0.6443264764432648,0.9442601194426012,0.9990046449900465,0.9973457199734572,0.8785003317850033,0.6948785636594444,0.9578137014489463,0.875,0.08175261143576001,0.8954791381427215
Jalan Tun Sambanthan,F:\brickfields_named_streets_mapillary_strict\jalan_tun_sambanthan\images\3974445499336626.jpg,3974445499336626.jpg,3974445499336626.jpg,3974445499336626,3974445499336626,.jpg,F:\brickfields_named_streets_mapillary_strict\jalan_tun_sambanthan\images,955209,3.1249432721566,101.68216979218,1579222890589,88.667123877508,3vbbty279xwaryyhp1t0e9,direct_match|,3974445499336626 jpg,3974445499336626,3974445499336626,1515044041,0.5291970802919708,0.9993364299933643,0.45189117451891175,0.8115461181154612,0.7542579075425792,minor,0.45189117451891175,0.8115461181154612,0.5291970802919708,0.9993364299933643,0.694127405441274,0.9851902653056445,1.0,1.0,0.0,0.8914636184350103
Jalan Tun Sambanthan,F:\brickfields_named_streets_mapillary_strict\jalan_tun_sambanthan\images\1137223841645623.jpg,1137223841645623.jpg,1137223841645623.jpg,1137223841645623,1137223841645623,.jpg,F:\brickfields_named_streets_mapillary_strict\jalan_tun_sambanthan\images,814444,3.1367338054731,101.69121419566,1756016795078,255.23824006418,c7JMB412pLtwsuVZNWynol,direct_match|,1137223841645623 jpg,1137223841645623,1137223841645623,7250853792,0.5291970802919708,0.9814200398142005,0.5003317850033179,0.9980092899800929,0.8265870382658704,major,0.5003317850033179,0.9980092899800929,0.5291970802919708,0.9814200398142005,0.7507962840079628,0.8359804451575554,0.9856115792484107,0.96875,0.02797718145378166,0.8867769545803275
Jalan Tun Sambanthan,F:\brickfields_named_streets_mapillary_strict\jalan_tun_sambanthan\images\467343337929902.jpg,467343337929902.jpg,467343337929902.jpg,467343337929902,467343337929902,.jpg,F:\brickfields_named_streets_mapillary_strict\jalan_tun_sambanthan\images,485386,3.1338835178779,101.68877300506,1579221929590,87.32428577289,u6lkhy9adtpjyoao5k7o85,direct_match|,467343337929902 jpg,467343337929902,467343337929902,4619870916,0.8978102189781022,0.9250165892501659,0.9170537491705375,0.9966821499668215,0.9462508294625084,major,0.9170537491705375,0.9966821499668215,0.8978102189781022,0.9250165892501659,0.9351028533510285,0.970269841921,0.866544954022408,0.71875,0.11697287893578392,0.8861332121750436
Jalan Tun Sambanthan,F:\brickfields_named_streets_mapillary_strict\jalan_tun_sambanthan\images\1184777841946330.jpg,1184777841946330.jpg,1184777841946330.jpg,1184777841946330,1184777841946330,.jpg,F:\brickfields_named_streets_mapillary_strict\jalan_tun_sambanthan\images,998887,3.1344267664914,101.68901459624,1579567368590,306.86803654824,7jzyqez9y2v0oiwpm4u51v,direct_match|,1184777841946330 jpg,1184777841946330,1184777841946330,4945780440,0.5291970802919708,0.8433974784339748,0.8586595885865959,0.9714664897146649,0.8911745189117452,major,0.8586595885865959,0.9714664897146649,0.5291970802919708,0.8433974784339748,0.8171532846715328,0.5903551494639998,0.9813543860934155,0.96875,0.026957401116057718,0.8835236383234736
Jalan Tun Sambanthan,F:\brickfields_named_streets_mapillary_strict\jalan_tun_sambanthan\images\151542006865290.jpg,151542006865290.jpg,151542006865290.jpg,151542006865290,151542006865290,.jpg,F:\brickfields_named_streets_mapillary_strict\jalan_tun_sambanthan\images,623544,3.1301370146742,101.6845035267,1579567224590,83.974165045457,x5su9l4pm4wjji2afgfw0b,direct_match|,151542006865290 jpg,151542006865290,151542006865290,1515044067,0.5291970802919708,0.8135368281353683,0.8911745189117452,0.7989382879893829,0.8345498783454989,major,0.8911745189117452,0.7989382879893829,0.5291970802919708,0.8135368281353683,0.7763105507631055,0.9330462782828556,0.9435638212413443,0.9375,0.10049983776516397,0.8833670401539774
Jalan Tun Sambanthan,F:\brickfields_named_streets_mapillary_strict\jalan_tun_sambanthan\images\604099424326034.jpg,604099424326034.jpg,604099424326034.jpg,604099424326034,604099424326034,.jpg,F:\brickfields_named_streets_mapillary_strict\jalan_tun_sambanthan\images,1146139,3.1267302583999,101.68306998274,1579222872089,117.27244216132,3vbbty279xwaryyhp1t0e9,direct_match|,604099424326034 jpg,604099424326034,604099424326034,1515044051,0.9990046449900465,0.9973457199734572,0.6443264764432648,0.9442601194426012,0.8619774386197744,major,0.6443264764432648,0.9442601194426012,0.9990046449900465,0.9973457199734572,0.8785003317850033,0.6969728648742222,0.9418242706152913,0.8125,0.09910514009163253,0.8822433243890545
Jalan Tun Sambanthan,F:\brickfields_named_streets_mapillary_strict\jalan_tun_sambanthan\images\2081656072322274.jpg,2081656072322274.jpg,2081656072322274.jpg,2081656072322274,2081656072322274,.jpg,F:\brickfields_named_streets_mapillary_strict\jalan_tun_sambanthan\images,1562891,3.1365818323364,101.69141541153,1749625359387,250.12739120766,aj1yzxhfeQNpkGK9CE2Otr,direct_match|,2081656072322274 jpg,2081656072322274,2081656072322274,7250853792,0.5291970802919708,0.9814200398142005,0.5003317850033179,0.9980092899800929,0.8265870382658704,major,0.5003317850033179,0.9980092899800929,0.5291970802919708,0.9814200398142005,0.7507962840079628,0.7791932356406667,0.9835493935266677,0.96875,0.03529017533668262,0.8801702500538542
Lorong Chan Ah Tong,F:\brickfields_named_streets_mapillary_strict\lorong_chan_ah_tong\images\1734268330688432.jpg,1734268330688432.jpg,1734268330688432.jpg,1734268330688432,1734268330688432,.jpg,F:\brickfields_named_streets_mapillary_strict\lorong_chan_ah_tong\images,627068,3.1298622,101.6844072,1737944978414,71.0,9Zx3AL8mjzW1TqpJXHioGw,direct_match|,1734268330688432 jpg,1734268330688432,1734268330688432,4608983681,0.8978102189781022,0.9615129396151294,0.9163901791639018,0.980092899800929,0.9526653395266532,major,0.9163901791639018,0.980092899800929,0.8978102189781022,0.9615129396151294,0.9398805573988056,0.7888888888888889,0.9175283264448616,0.78125,0.13037688050323554,0.8988598308786585
Lorong Chan Ah Tong,F:\brickfields_named_streets_mapillary_strict\lorong_chan_ah_tong\images\216354356665885.jpg,216354356665885.jpg,216354356665885.jpg,216354356665885,216354356665885,.jpg,F:\brickfields_named_streets_mapillary_strict\lorong_chan_ah_tong\images,1166713,3.1284119188686,101.68543944606,1579222454090,228.93794157279,tb122gip1x6f8ubr595dwa,direct_match|,216354356665885 jpg,216354356665885,216354356665885,13592889621,0.8978102189781022,0.7863304578633046,0.7597876575978766,0.8905109489051095,0.8122096881220969,minor,0.7597876575978766,0.8905109489051095,0.8978102189781022,0.7863304578633046,0.8267086927670869,0.5437549063643334,0.8013594219297684,0.65625,0.1589887503453502,0.7699602729733095
Lorong Chan Ah Tong,F:\brickfields_named_streets_mapillary_strict\lorong_chan_ah_tong\images\180550900602952.jpg,180550900602952.jpg,180550900602952.jpg,180550900602952,180550900602952,.jpg,F:\brickfields_named_streets_mapillary_strict\lorong_chan_ah_tong\images,1397069,3.1285663172636,101.68560399122,1579222451090,227.6508296768,tb122gip1x6f8ubr595dwa,direct_match|,180550900602952 jpg,180550900602952,180550900602952,4608979770,0.5291970802919708,0.7504976775049768,0.7836761778367618,0.8779031187790312,0.8040256580402566,minor,0.7836761778367618,0.8779031187790312,0.5291970802919708,0.7504976775049768,0.7480424684804247,0.5294536630755554,0.8395329620425871,0.5625,0.1924485444271684,0.7488000631948684
